SKU,Product Name,shelf_life_days
Wow Mech155g,Wow Ulam Mechado Easy Open 155g,180
Wow Mech155g,Wow Ulam Mechado Easy Open 155g,180
Wow Mech155g,Wow Ulam Mechado Easy Open 155g,180
Wow Mech155g,Wow Ulam Mechado Easy Open 155g,180
Wow Mech155g,Wow Ulam Mechado Easy Open 155g,180
Wow Menul155g,Wow Ulam Menudo Easy Open 155g,180
Wow Menul155g,Wow Ulam Menudo Easy Open 155g,180
Wow Menul155g,Wow Ulam Menudo Easy Open 155g,180
Wow Menul155g,Wow Ulam Menudo Easy Open 155g,180
Wow Menul155g,Wow Ulam Menudo Easy Open 155g,180
WowAdobo155g,Wow Ulam Adobo Easy Open 155g,180
WowAdobo155g,Wow Ulam Adobo Easy Open 155g,180
WowAdobo155g,Wow Ulam Adobo Easy Open 155g,180
WowAdobo155g,Wow Ulam Adobo Easy Open 155g,180
WowAdobo155g,Wow Ulam Adobo Easy Open 155g,180
UFSarGrn155g,UFC Gravy Sarap All Green Pack 155g,180
UFSarGrn155g,UFC Gravy Sarap All Green Pack 155g,180
UFSarGrn155g,UFC Gravy Sarap All Green Pack 155g,180
UFSarGrn155g,UFC Gravy Sarap All Green Pack 155g,180
UFSarGrn155g,UFC Gravy Sarap All Green Pack 155g,180
CT HtnSy95g,Century Tuna Hot & Spicy 95g,365
CT HtnSy95g,Century Tuna Hot & Spicy 95g,365
CT HtnSy95g,Century Tuna Hot & Spicy 95g,365
CT HtnSy95g,Century Tuna Hot & Spicy 95g,365
CT HtnSy95g,Century Tuna Hot & Spicy 95g,365
MartysVin90g,Marty's Cracklin' Vinegar 90g,180
MartysVin90g,Marty's Cracklin' Vinegar 90g,180
MartysVin90g,Marty's Cracklin' Vinegar 90g,180
MartysVin90g,Marty's Cracklin' Vinegar 90g,180
MartysVin90g,Marty's Cracklin' Vinegar 90g,180
MartysPin26g,Marty's Cracklin' Pinoy Style 26g,180
MartysPin26g,Marty's Cracklin' Pinoy Style 26g,180
MartysPin26g,Marty's Cracklin' Pinoy Style 26g,180
MartysPin26g,Marty's Cracklin' Pinoy Style 26g,180
MartysPin26g,Marty's Cracklin' Pinoy Style 26g,180
Martys Spicy,Marty's Cracklin' Spicy Flavor,180
Martys Spicy,Marty's Cracklin' Spicy Flavor,180
Martys Spicy,Marty's Cracklin' Spicy Flavor,180
Martys Spicy,Marty's Cracklin' Spicy Flavor,180
Martys Spicy,Marty's Cracklin' Spicy Flavor,180
GtrdeBlue350,Gatorade Blue Bolt 350ml,180
GtrdeBlue350,Gatorade Blue Bolt 350ml,180
GtrdeBlue350,Gatorade Blue Bolt 350ml,180
GtrdeBlue350,Gatorade Blue Bolt 350ml,180
GtrdeBlue350,Gatorade Blue Bolt 350ml,180
SkyflksPin10,SkyFlakes Crackers Pinoy Pack (10s),150
SkyflksPin10,SkyFlakes Crackers Pinoy Pack (10s),150
SkyflksPin10,SkyFlakes Crackers Pinoy Pack (10s),150
SkyflksPin10,SkyFlakes Crackers Pinoy Pack (10s),150
SkyflksPin10,SkyFlakes Crackers Pinoy Pack (10s),150
LMeSwtNSpy80,Lucky Me Sweet & Spicy Pancit Canton 80g,180
LMeSwtNSpy80,Lucky Me Sweet & Spicy Pancit Canton 80g,180
LMeSwtNSpy80,Lucky Me Sweet & Spicy Pancit Canton 80g,180
LMeSwtNSpy80,Lucky Me Sweet & Spicy Pancit Canton 80g,180
LMeSwtNSpy80,Lucky Me Sweet & Spicy Pancit Canton 80g,180
LMeChilns75,Lucky Me Chili Mansi Pancit Canton 75g,180
LMeChilns75,Lucky Me Chili Mansi Pancit Canton 75g,180
LMeChilns75,Lucky Me Chili Mansi Pancit Canton 75g,180
LMeChilns75,Lucky Me Chili Mansi Pancit Canton 75g,180
LMeChilns75,Lucky Me Chili Mansi Pancit Canton 75g,180
WawangCoil,Wawang Mosquito Coil 10s,365
WawangCoil,Wawang Mosquito Coil 10s,365
WawangCoil,Wawang Mosquito Coil 10s,365
WawangCoil,Wawang Mosquito Coil 10s,365
WawangCoil,Wawang Mosquito Coil 10s,365
ChcMucho40g,Choco Mucho Bar 40g,150
ChcMucho40g,Choco Mucho Bar 40g,150
ChcMucho40g,Choco Mucho Bar 40g,150
ChcMucho40g,Choco Mucho Bar 40g,150
ChcMucho40g,Choco Mucho Bar 40g,150
NisCBeef70g,Nissin Cup Noodles Beef 70g,180
NisCBeef70g,Nissin Cup Noodles Beef 70g,180
NisCBeef70g,Nissin Cup Noodles Beef 70g,180
NisCBeef70g,Nissin Cup Noodles Beef 70g,180
NisCBeef70g,Nissin Cup Noodles Beef 70g,180
LMePCOrig60g,Lucky Me Pancit Canton Original 60g,180
LMePCOrig60g,Lucky Me Pancit Canton Original 60g,180
LMePCOrig60g,Lucky Me Pancit Canton Original 60g,180
LMePCOrig60g,Lucky Me Pancit Canton Original 60g,180
LMePCOrig60g,Lucky Me Pancit Canton Original 60g,180
ArgCBf150g,Argentina Corned Beef 150g,365
ArgCBf150g,Argentina Corned Beef 150g,365
ArgCBf150g,Argentina Corned Beef 150g,365
ArgCBf150g,Argentina Corned Beef 150g,365
ArgCBf150g,Argentina Corned Beef 150g,365
CTFIOil180g,Century Tuna Flakes in Oil 180g,365
CTFIOil180g,Century Tuna Flakes in Oil 180g,365
CTFIOil180g,Century Tuna Flakes in Oil 180g,365
CTFIOil180g,Century Tuna Flakes in Oil 180g,365
CTFIOil180g,Century Tuna Flakes in Oil 180g,365
NovaSnack78g,Nova Multigrain Snacks 78g,150
NovaSnack78g,Nova Multigrain Snacks 78g,150
NovaSnack78g,Nova Multigrain Snacks 78g,150
NovaSnack78g,Nova Multigrain Snacks 78g,150
NovaSnack78g,Nova Multigrain Snacks 78g,150
PiattChs85g,Piattos Cheese Chips 85g,150
PiattChs85g,Piattos Cheese Chips 85g,150
PiattChs85g,Piattos Cheese Chips 85g,150
PiattChs85g,Piattos Cheese Chips 85g,150
PiattChs85g,Piattos Cheese Chips 85g,150
HansMocha30g,Hansel Mocha Biscuits 30g,150
HansMocha30g,Hansel Mocha Biscuits 30g,150
HansMocha30g,Hansel Mocha Biscuits 30g,150
HansMocha30g,Hansel Mocha Biscuits 30g,150
HansMocha30g,Hansel Mocha Biscuits 30g,150
RebiCrack32g,Rebisco Crackers Original 32g,150
RebiCrack32g,Rebisco Crackers Original 32g,150
RebiCrack32g,Rebisco Crackers Original 32g,150
RebiCrack32g,Rebisco Crackers Original 32g,150
RebiCrack32g,Rebisco Crackers Original 32g,150
EnerChoco30g,Energen Cereal Drink Chocolate 30g,180
EnerChoco30g,Energen Cereal Drink Chocolate 30g,180
EnerChoco30g,Energen Cereal Drink Chocolate 30g,180
EnerChoco30g,Energen Cereal Drink Chocolate 30g,180
EnerChoco30g,Energen Cereal Drink Chocolate 30g,180
ZestOOrange250,Zest-O Juice Drink Orange 250ml,180
ZestOOrange250,Zest-O Juice Drink Orange 250ml,180
ZestOOrange250,Zest-O Juice Drink Orange 250ml,180
ZestOOrange250,Zest-O Juice Drink Orange 250ml,180
ZestOOrange250,Zest-O Juice Drink Orange 250ml,180
SkyfSan25g,M.Y. San SkyFlakes 25g,180
SkyfSan25g,M.Y. San SkyFlakes 25g,180
SkyfSan25g,M.Y. San SkyFlakes 25g,180
SkyfSan25g,M.Y. San SkyFlakes 25g,180
SkyfSan25g,M.Y. San SkyFlakes 25g,180
BingoCook30g,Bingo Sandwich Cookies 30g,150
BingoCook30g,Bingo Sandwich Cookies 30g,150
BingoCook30g,Bingo Sandwich Cookies 30g,150
BingoCook30g,Bingo Sandwich Cookies 30g,150
BingoCook30g,Bingo Sandwich Cookies 30g,150
FitaCrack32g,Fita Crackers 32g,150
FitaCrack32g,Fita Crackers 32g,150
FitaCrack32g,Fita Crackers 32g,150
FitaCrack32g,Fita Crackers 32g,150
FitaCrack32g,Fita Crackers 32g,150
DmillStraw90,Dutchmill Strawberry Yogurt 90ml,180
DmillStraw90,Dutchmill Strawberry Yogurt 90ml,180
DmillStraw90,Dutchmill Strawberry Yogurt 90ml,180
DmillStraw90,Dutchmill Strawberry Yogurt 90ml,180
DmillStraw90,Dutchmill Strawberry Yogurt 90ml,180
SelIceCup85,Selecta Ice Cream Cup 85ml,180
SelIceCup85,Selecta Ice Cream Cup 85ml,180
SelIceCup85,Selecta Ice Cream Cup 85ml,180
SelIceCup85,Selecta Ice Cream Cup 85ml,180
SelIceCup85,Selecta Ice Cream Cup 85ml,180
MagCheese165,Magnolia Cheddar Cheese 165g,180
MagCheese165,Magnolia Cheddar Cheese 165g,180
MagCheese165,Magnolia Cheddar Cheese 165g,180
MagCheese165,Magnolia Cheddar Cheese 165g,180
MagCheese165,Magnolia Cheddar Cheese 165g,180
GardeBread400,Gardenia Classic Bread Loaf 400g,180
GardeBread400,Gardenia Classic Bread Loaf 400g,180
GardeBread400,Gardenia Classic Bread Loaf 400g,180
GardeBread400,Gardenia Classic Bread Loaf 400g,180
GardeBread400,Gardenia Classic Bread Loaf 400g,180
TangOran25g,Tang Orange Powder 25g,180
TangOran25g,Tang Orange Powder 25g,180
TangOran25g,Tang Orange Powder 25g,180
TangOran25g,Tang Orange Powder 25g,180
TangOran25g,Tang Orange Powder 25g,180
BBMilk150g,Bear Brand Fortified Milk Powder 150g,365
BBMilk150g,Bear Brand Fortified Milk Powder 150g,365
BBMilk150g,Bear Brand Fortified Milk Powder 150g,365
BBMilk150g,Bear Brand Fortified Milk Powder 150g,365
BBMilk150g,Bear Brand Fortified Milk Powder 150g,365
SilSwan250,Silver Swan Soy Sauce 250ml,365
SilSwan250,Silver Swan Soy Sauce 250ml,365
SilSwan250,Silver Swan Soy Sauce 250ml,365
SilSwan250,Silver Swan Soy Sauce 250ml,365
SilSwan250,Silver Swan Soy Sauce 250ml,365
DatuPuti350,Datu Puti Vinegar 350ml,180
DatuPuti350,Datu Puti Vinegar 350ml,180
DatuPuti350,Datu Puti Vinegar 350ml,180
DatuPuti350,Datu Puti Vinegar 350ml,180
DatuPuti350,Datu Puti Vinegar 350ml,180
AbsWater1L,Absolute Distilled Water 1L,180
AbsWater1L,Absolute Distilled Water 1L,180
AbsWater1L,Absolute Distilled Water 1L,180
AbsWater1L,Absolute Distilled Water 1L,180
AbsWater1L,Absolute Distilled Water 1L,180
WilkWater500,Wilkins Bottled Water 500ml,180
WilkWater500,Wilkins Bottled Water 500ml,180
WilkWater500,Wilkins Bottled Water 500ml,180
WilkWater500,Wilkins Bottled Water 500ml,180
WilkWater500,Wilkins Bottled Water 500ml,180
MiloChoco240,Milo Chocolate Drink 240ml,180
MiloChoco240,Milo Chocolate Drink 240ml,180
MiloChoco240,Milo Chocolate Drink 240ml,180
MiloChoco240,Milo Chocolate Drink 240ml,180
MiloChoco240,Milo Chocolate Drink 240ml,180
C2Tea355ml,C2 Green Tea Apple 355ml,180
C2Tea355ml,C2 Green Tea Apple 355ml,180
C2Tea355ml,C2 Green Tea Apple 355ml,180
C2Tea355ml,C2 Green Tea Apple 355ml,180
C2Tea355ml,C2 Green Tea Apple 355ml,180
NesteaLem320,Nestea Lemon Iced Tea 320ml,180
NesteaLem320,Nestea Lemon Iced Tea 320ml,180
NesteaLem320,Nestea Lemon Iced Tea 320ml,180
NesteaLem320,Nestea Lemon Iced Tea 320ml,180
NesteaLem320,Nestea Lemon Iced Tea 320ml,180
GTaste3in1_30,Great Taste White Coffee 3in1 30g,150
GTaste3in1_30,Great Taste White Coffee 3in1 30g,150
GTaste3in1_30,Great Taste White Coffee 3in1 30g,150
GTaste3in1_30,Great Taste White Coffee 3in1 30g,150
GTaste3in1_30,Great Taste White Coffee 3in1 30g,150
KopiBrown50g,Kopiko Brown Coffee Twinpack 50g,150
KopiBrown50g,Kopiko Brown Coffee Twinpack 50g,150
KopiBrown50g,Kopiko Brown Coffee Twinpack 50g,150
KopiBrown50g,Kopiko Brown Coffee Twinpack 50g,150
KopiBrown50g,Kopiko Brown Coffee Twinpack 50g,150
BBMilkSter200,Bear Brand Sterilized Milk 200ml,365
BBMilkSter200,Bear Brand Sterilized Milk 200ml,365
BBMilkSter200,Bear Brand Sterilized Milk 200ml,365
BBMilkSter200,Bear Brand Sterilized Milk 200ml,365
BBMilkSter200,Bear Brand Sterilized Milk 200ml,365
LigoSard155,Ligo Sardines Green 155g,365
LigoSard155,Ligo Sardines Green 155g,365
LigoSard155,Ligo Sardines Green 155g,365
LigoSard155,Ligo Sardines Green 155g,365
LigoSard155,Ligo Sardines Green 155g,365
555Tuna180,555 Tuna Adobo Style 180g,365
555Tuna180,555 Tuna Adobo Style 180g,365
555Tuna180,555 Tuna Adobo Style 180g,365
555Tuna180,555 Tuna Adobo Style 180g,365
555Tuna180,555 Tuna Adobo Style 180g,365
YTnCBf150,Young's Town Corned Beef 150g,365
YTnCBf150,Young's Town Corned Beef 150g,365
YTnCBf150,Young's Town Corned Beef 150g,365
YTnCBf150,Young's Town Corned Beef 150g,365
YTnCBf150,Young's Town Corned Beef 150g,365
CDOLvrSprd,CDO Liver Spread 85g,365
CDOLvrSprd,CDO Liver Spread 85g,365
CDOLvrSprd,CDO Liver Spread 85g,365
CDOLvrSprd,CDO Liver Spread 85g,365
CDOLvrSprd,CDO Liver Spread 85g,365
PFLunch150,Purefoods Luncheon Meat 150g,365
PFLunch150,Purefoods Luncheon Meat 150g,365
PFLunch150,Purefoods Luncheon Meat 150g,365
PFLunch150,Purefoods Luncheon Meat 150g,365
PFLunch150,Purefoods Luncheon Meat 150g,365
LMeBfMami60,Lucky Me Beef Mami 60g,180
LMeBfMami60,Lucky Me Beef Mami 60g,180
LMeBfMami60,Lucky Me Beef Mami 60g,180
LMeBfMami60,Lucky Me Beef Mami 60g,180
LMeBfMami60,Lucky Me Beef Mami 60g,180
Payless130,Payless Xtra Big Pancit Canton 130g,180
Payless130,Payless Xtra Big Pancit Canton 130g,180
Payless130,Payless Xtra Big Pancit Canton 130g,180
Payless130,Payless Xtra Big Pancit Canton 130g,180
Payless130,Payless Xtra Big Pancit Canton 130g,180
NagaBBQ160,Nagaraya Cracker Nuts BBQ 160g,180
NagaBBQ160,Nagaraya Cracker Nuts BBQ 160g,180
NagaBBQ160,Nagaraya Cracker Nuts BBQ 160g,180
NagaBBQ160,Nagaraya Cracker Nuts BBQ 160g,180
NagaBBQ160,Nagaraya Cracker Nuts BBQ 160g,180
OishiPrawn60,Oishi Prawn Crackers 60g,150
OishiPrawn60,Oishi Prawn Crackers 60g,150
OishiPrawn60,Oishi Prawn Crackers 60g,150
OishiPrawn60,Oishi Prawn Crackers 60g,150
OishiPrawn60,Oishi Prawn Crackers 60g,150
CloverChs55,Clover Chips Cheese 55g,150
CloverChs55,Clover Chips Cheese 55g,150
CloverChs55,Clover Chips Cheese 55g,150
CloverChs55,Clover Chips Cheese 55g,150
CloverChs55,Clover Chips Cheese 55g,150
TomiSwCorn,Tomi Sweet Corn 100g,150
TomiSwCorn,Tomi Sweet Corn 100g,150
TomiSwCorn,Tomi Sweet Corn 100g,150
TomiSwCorn,Tomi Sweet Corn 100g,150
TomiSwCorn,Tomi Sweet Corn 100g,150
RollerChs85,Roller Coaster Cheese 85g,150
RollerChs85,Roller Coaster Cheese 85g,150
RollerChs85,Roller Coaster Cheese 85g,150
RollerChs85,Roller Coaster Cheese 85g,150
RollerChs85,Roller Coaster Cheese 85g,150
MrChip85g,Mr. Chips Nacho Cheese 85g,150
MrChip85g,Mr. Chips Nacho Cheese 85g,150
MrChip85g,Mr. Chips Nacho Cheese 85g,150
MrChip85g,Mr. Chips Nacho Cheese 85g,150
MrChip85g,Mr. Chips Nacho Cheese 85g,150
VCutBBQ60g,V-Cut Spicy Barbecue 60g,150
VCutBBQ60g,V-Cut Spicy Barbecue 60g,150
VCutBBQ60g,V-Cut Spicy Barbecue 60g,150
VCutBBQ60g,V-Cut Spicy Barbecue 60g,150
VCutBBQ60g,V-Cut Spicy Barbecue 60g,150
ChippyGV110,Chippy Garlic & Vinegar 110g,150
ChippyGV110,Chippy Garlic & Vinegar 110g,150
ChippyGV110,Chippy Garlic & Vinegar 110g,150
ChippyGV110,Chippy Garlic & Vinegar 110g,150
ChippyGV110,Chippy Garlic & Vinegar 110g,150
Cloud925g,Cloud 9 Classic Bar 25g,180
Cloud925g,Cloud 9 Classic Bar 25g,180
Cloud925g,Cloud 9 Classic Bar 25g,180
Cloud925g,Cloud 9 Classic Bar 25g,180
Cloud925g,Cloud 9 Classic Bar 25g,180
PrestoPB30,Presto Cream Peanut Butter 30g,180
PrestoPB30,Presto Cream Peanut Butter 30g,180
PrestoPB30,Presto Cream Peanut Butter 30g,180
PrestoPB30,Presto Cream Peanut Butter 30g,180
PrestoPB30,Presto Cream Peanut Butter 30g,180
MagicF28g,Jack n Jill Magic Flakes 28g,180
MagicF28g,Jack n Jill Magic Flakes 28g,180
MagicF28g,Jack n Jill Magic Flakes 28g,180
MagicF28g,Jack n Jill Magic Flakes 28g,180
MagicF28g,Jack n Jill Magic Flakes 28g,180
HelloPan50,Hello Panda Chocolate 50g,180
HelloPan50,Hello Panda Chocolate 50g,180
HelloPan50,Hello Panda Chocolate 50g,180
HelloPan50,Hello Panda Chocolate 50g,180
HelloPan50,Hello Panda Chocolate 50g,180
YanYan50g,Yan Yan Choco Dip 50g,180
YanYan50g,Yan Yan Choco Dip 50g,180
YanYan50g,Yan Yan Choco Dip 50g,180
YanYan50g,Yan Yan Choco Dip 50g,180
YanYan50g,Yan Yan Choco Dip 50g,180
SwissM28g,Swiss Miss Chocolate Drink 28g,365
SwissM28g,Swiss Miss Chocolate Drink 28g,365
SwissM28g,Swiss Miss Chocolate Drink 28g,365
SwissM28g,Swiss Miss Chocolate Drink 28g,365
SwissM28g,Swiss Miss Chocolate Drink 28g,365
MiloRTD180,Milo Ready to Drink 180ml,180
MiloRTD180,Milo Ready to Drink 180ml,180
MiloRTD180,Milo Ready to Drink 180ml,180
MiloRTD180,Milo Ready to Drink 180ml,180
MiloRTD180,Milo Ready to Drink 180ml,180
Ovaltine240,Ovaltine Malt Drink 240ml,180
Ovaltine240,Ovaltine Malt Drink 240ml,180
Ovaltine240,Ovaltine Malt Drink 240ml,180
Ovaltine240,Ovaltine Malt Drink 240ml,180
Ovaltine240,Ovaltine Malt Drink 240ml,180
AlaskaEvap,Alaska Evaporated Milk 370ml,365
AlaskaEvap,Alaska Evaporated Milk 370ml,365
AlaskaEvap,Alaska Evaporated Milk 370ml,365
AlaskaEvap,Alaska Evaporated Milk 370ml,365
AlaskaEvap,Alaska Evaporated Milk 370ml,365
BirchTree,Birch Tree Full Cream Milk 150g,365
BirchTree,Birch Tree Full Cream Milk 150g,365
BirchTree,Birch Tree Full Cream Milk 150g,365
BirchTree,Birch Tree Full Cream Milk 150g,365
BirchTree,Birch Tree Full Cream Milk 150g,365
AlaskaCond,Alaska Condensed Milk 300ml,365
AlaskaCond,Alaska Condensed Milk 300ml,365
AlaskaCond,Alaska Condensed Milk 300ml,365
AlaskaCond,Alaska Condensed Milk 300ml,365
AlaskaCond,Alaska Condensed Milk 300ml,365
Nido135g,Nido Fortified Milk Powder 135g,365
Nido135g,Nido Fortified Milk Powder 135g,365
Nido135g,Nido Fortified Milk Powder 135g,365
Nido135g,Nido Fortified Milk Powder 135g,365
Nido135g,Nido Fortified Milk Powder 135g,365
Lactum150g,Lactum Milk Powder 150g,365
Lactum150g,Lactum Milk Powder 150g,365
Lactum150g,Lactum Milk Powder 150g,365
Lactum150g,Lactum Milk Powder 150g,365
Lactum150g,Lactum Milk Powder 150g,365
Quaker28g,Quaker Instant Oatmeal 28g,180
Quaker28g,Quaker Instant Oatmeal 28g,180
Quaker28g,Quaker Instant Oatmeal 28g,180
Quaker28g,Quaker Instant Oatmeal 28g,180
Quaker28g,Quaker Instant Oatmeal 28g,180
CoffeeJoy25,Mayora Coffee Joy Biscuits 25g,180
CoffeeJoy25,Mayora Coffee Joy Biscuits 25g,180
CoffeeJoy25,Mayora Coffee Joy Biscuits 25g,180
CoffeeJoy25,Mayora Coffee Joy Biscuits 25g,180
CoffeeJoy25,Mayora Coffee Joy Biscuits 25g,180
RenoLiver85,Reno Liver Spread 85g,365
RenoLiver85,Reno Liver Spread 85g,365
RenoLiver85,Reno Liver Spread 85g,365
RenoLiver85,Reno Liver Spread 85g,365
RenoLiver85,Reno Liver Spread 85g,365
Bistek150g,Bistek Tagalog Canned 150g,365
Bistek150g,Bistek Tagalog Canned 150g,365
Bistek150g,Bistek Tagalog Canned 150g,365
Bistek150g,Bistek Tagalog Canned 150g,365
Bistek150g,Bistek Tagalog Canned 150g,365
JollyMush40,Jolly Mushroom Pieces & Stems 400g,365
JollyMush40,Jolly Mushroom Pieces & Stems 400g,365
JollyMush40,Jolly Mushroom Pieces & Stems 400g,365
JollyMush40,Jolly Mushroom Pieces & Stems 400g,365
JollyMush40,Jolly Mushroom Pieces & Stems 400g,365
DMPineTid,Del Monte Pineapple Tidbits 227g,365
DMPineTid,Del Monte Pineapple Tidbits 227g,365
DMPineTid,Del Monte Pineapple Tidbits 227g,365
DMPineTid,Del Monte Pineapple Tidbits 227g,365
DMPineTid,Del Monte Pineapple Tidbits 227g,365
DoleFruit43,Dole Tropical Fruit Cocktail 432g,365
DoleFruit43,Dole Tropical Fruit Cocktail 432g,365
DoleFruit43,Dole Tropical Fruit Cocktail 432g,365
DoleFruit43,Dole Tropical Fruit Cocktail 432g,365
DoleFruit43,Dole Tropical Fruit Cocktail 432g,365
HuntPBeans,Hunt's Pork & Beans 230g,365
HuntPBeans,Hunt's Pork & Beans 230g,365
HuntPBeans,Hunt's Pork & Beans 230g,365
HuntPBeans,Hunt's Pork & Beans 230g,365
HuntPBeans,Hunt's Pork & Beans 230g,365
CampSoup30,Campbell's Mushroom Soup 305g,365
CampSoup30,Campbell's Mushroom Soup 305g,365
CampSoup30,Campbell's Mushroom Soup 305g,365
CampSoup30,Campbell's Mushroom Soup 305g,365
CampSoup30,Campbell's Mushroom Soup 305g,365
DMSpag250,Del Monte Spaghetti Sauce 250g,180
DMSpag250,Del Monte Spaghetti Sauce 250g,180
DMSpag250,Del Monte Spaghetti Sauce 250g,180
DMSpag250,Del Monte Spaghetti Sauce 250g,180
DMSpag250,Del Monte Spaghetti Sauce 250g,180
ClaraCarbo,Clara Ole Carbonara Sauce 200g,180
ClaraCarbo,Clara Ole Carbonara Sauce 200g,180
ClaraCarbo,Clara Ole Carbonara Sauce 200g,180
ClaraCarbo,Clara Ole Carbonara Sauce 200g,180
ClaraCarbo,Clara Ole Carbonara Sauce 200g,180
SweetBBQ51,Sweet Baby Ray's BBQ Sauce 510g,365
SweetBBQ51,Sweet Baby Ray's BBQ Sauce 510g,365
SweetBBQ51,Sweet Baby Ray's BBQ Sauce 510g,365
SweetBBQ51,Sweet Baby Ray's BBQ Sauce 510g,365
SweetBBQ51,Sweet Baby Ray's BBQ Sauce 510g,365
LCTunaSprd,Lady's Choice Tuna Spread 220ml,180
LCTunaSprd,Lady's Choice Tuna Spread 220ml,180
LCTunaSprd,Lady's Choice Tuna Spread 220ml,180
LCTunaSprd,Lady's Choice Tuna Spread 220ml,180
LCTunaSprd,Lady's Choice Tuna Spread 220ml,180
KewpieMayo,Kewpie Mayonnaise 200g,180
KewpieMayo,Kewpie Mayonnaise 200g,180
KewpieMayo,Kewpie Mayonnaise 200g,180
KewpieMayo,Kewpie Mayonnaise 200g,180
KewpieMayo,Kewpie Mayonnaise 200g,180
DMTomato20,Del Monte Tomato Sauce 200g,365
DMTomato20,Del Monte Tomato Sauce 200g,365
DMTomato20,Del Monte Tomato Sauce 200g,365
DMTomato20,Del Monte Tomato Sauce 200g,365
DMTomato20,Del Monte Tomato Sauce 200g,365
LigoMack155,Ligo Mackerel in Natural Oil 155g,365
LigoMack155,Ligo Mackerel in Natural Oil 155g,365
LigoMack155,Ligo Mackerel in Natural Oil 155g,365
LigoMack155,Ligo Mackerel in Natural Oil 155g,365
LigoMack155,Ligo Mackerel in Natural Oil 155g,365
SMCorTuna1,San Marino Corned Tuna 180g,365
SMCorTuna1,San Marino Corned Tuna 180g,365
SMCorTuna1,San Marino Corned Tuna 180g,365
SMCorTuna1,San Marino Corned Tuna 180g,365
SMCorTuna1,San Marino Corned Tuna 180g,365
UFCBanKetc,UFC Banana Ketchup 320g,365
UFCBanKetc,UFC Banana Ketchup 320g,365
UFCBanKetc,UFC Banana Ketchup 320g,365
UFCBanKetc,UFC Banana Ketchup 320g,365
UFCBanKetc,UFC Banana Ketchup 320g,365
PFCornB150,Purefoods Corned Beef 150g,365
PFCornB150,Purefoods Corned Beef 150g,365
PFCornB150,Purefoods Corned Beef 150g,365
PFCornB150,Purefoods Corned Beef 150g,365
PFCornB150,Purefoods Corned Beef 150g,365
PikNik100g,Pik-Nik Shoestring Potatoes 100g,180
PikNik100g,Pik-Nik Shoestring Potatoes 100g,180
PikNik100g,Pik-Nik Shoestring Potatoes 100g,180
PikNik100g,Pik-Nik Shoestring Potatoes 100g,180
PikNik100g,Pik-Nik Shoestring Potatoes 100g,180
CDOBSteak,CDO Ulam Burger Steak 150g,365
CDOBSteak,CDO Ulam Burger Steak 150g,365
CDOBSteak,CDO Ulam Burger Steak 150g,365
CDOBSteak,CDO Ulam Burger Steak 150g,365
CDOBSteak,CDO Ulam Burger Steak 150g,365
SunChs160g,Sunshine Cheddar Cheese 160g,180
SunChs160g,Sunshine Cheddar Cheese 160g,180
SunChs160g,Sunshine Cheddar Cheese 160g,180
SunChs160g,Sunshine Cheddar Cheese 160g,180
SunChs160g,Sunshine Cheddar Cheese 160g,180
MagCream25,Magnolia All Purpose Cream 250ml,180
MagCream25,Magnolia All Purpose Cream 250ml,180
MagCream25,Magnolia All Purpose Cream 250ml,180
MagCream25,Magnolia All Purpose Cream 250ml,180
MagCream25,Magnolia All Purpose Cream 250ml,180
DeliCB260g,Delimondo Corned Beef 260g,365
DeliCB260g,Delimondo Corned Beef 260g,365
DeliCB260g,Delimondo Corned Beef 260g,365
DeliCB260g,Delimondo Corned Beef 260g,365
DeliCB260g,Delimondo Corned Beef 260g,365
